path	bytes	sha256
AUDIT_DECISION.json	2883	2d2ac8919ab05b8b142198552bdacd6963d193102a844e5266f48c10f19919a4
AUTHOR_PACKAGE_REHASH.tsv	2870	0bf9f11cdc45bc9c90dfbcb2b51fc6af8dd41835c32e088cee43cff3c43bd9f4
build/kira_blackwell_voice_control_anchor_v18_analyze.nativecodeanalysis.xml	59	ba052e3b011b8f8a3e59a7b5c3120d3c9496a6c3e2fd73c55013bde5e2642bc5
build/kira_blackwell_voice_control_anchor_v18_analyze.obj	92769	7f931e7ab13070617974a0ab42c8efd0b9578f608bf8015c782b9d55615cda46
build/kira_blackwell_voice_control_anchor_v18_rebuild.obj	160118	d1cb0f246fcc0dfd610112e4557dacfbbdd52cc4d991882f1b4a12c850990c78
build/kira_blackwell_voice_control_anchor_v18_rebuild_DO_NOT_RUN.exe	171520	826a1075ed3ef608b24ff8dafd78901b0c1930893d3ab353e357b43708cbe338
CHECKPOINT.md	2021	ce186a6ad5bca49a28135c35933ca6b9022f8f2b80b3b0d255c0c827d961dce6
CLOSURE_REHASH.tsv	16381	c6a9195dea29c24cb56718f9513c8c51b38629c3c7d5e84c429d07fa8a900690
QUALITY_PROBE_RESULTS.md	5578	1d7c79465e7c6cf97b280ee62cefc222f7b059b87878c1feda914686dc85d58d
