category	source	copy	bytes	source_sha256	copy_sha256	match
authority_snapshot	Data/codex_reports/20260722_kira_r7_adult_surface_r4_v10.md	preserved/candidate_status_evidence/authority_snapshots/20260722_kira_r7_adult_surface_r4_v10.md	4277	4a1b5cc98953964b6b23d21497ca2cf968e619eec853b5818b6fc6956c7d3054	4a1b5cc98953964b6b23d21497ca2cf968e619eec853b5818b6fc6956c7d3054	true
authority_snapshot	Data/codex_reports/20260723_kira_current_workstreams_safe_checkpoint.md	preserved/candidate_status_evidence/authority_snapshots/20260723_kira_current_workstreams_safe_checkpoint.md	8620	d4be4779c1b6a255d75588fa391a99a83c68a12ace9ee7f1b6f2e47ad9e8f721	d4be4779c1b6a255d75588fa391a99a83c68a12ace9ee7f1b6f2e47ad9e8f721	true
authority_snapshot	Data/codex_reports/20260723_kira_current_workstreams_fresh_validation.md	preserved/candidate_status_evidence/authority_snapshots/20260723_kira_current_workstreams_fresh_validation.md	16456	fcd7ba04bbc85a290ee7f2964197383cc2855ab11ea7a5cdb07d643c825bbe3a	fcd7ba04bbc85a290ee7f2964197383cc2855ab11ea7a5cdb07d643c825bbe3a	true
candidate_status	Data/avatar_builder_workspace_tests/kira_r7_adult_surface_trial_20260722/reconstructed_neck_surface_r4_v8/evidence.json	preserved/candidate_status_evidence/r4_v8/evidence.json	14754	d9b0422afebc9c8597f9b2b77a9119700fab1cea16bcd9fc7bc685d6dc23478c	d9b0422afebc9c8597f9b2b77a9119700fab1cea16bcd9fc7bc685d6dc23478c	true
candidate_status	Data/avatar_builder_workspace_tests/kira_r7_adult_surface_trial_20260722/reconstructed_neck_surface_r4_v9/evidence.json	preserved/candidate_status_evidence/r4_v9/evidence.json	24764	596126785934e0beaa03d6184acbd72c27e28f2dc299df5269c4fd101f1e6e8b	596126785934e0beaa03d6184acbd72c27e28f2dc299df5269c4fd101f1e6e8b	true
candidate_status	Data/avatar_builder_workspace_tests/kira_r7_adult_surface_trial_20260722/reconstructed_neck_surface_r4_v9/manifest.json	preserved/candidate_status_evidence/r4_v9/manifest.json	6322	dc59453fcdc711fc54668134a3995efe17aeb9c53fb699433b64ffc580e33111	dc59453fcdc711fc54668134a3995efe17aeb9c53fb699433b64ffc580e33111	true
eye_v3_3_browser	Data/world_tests/kira_socket_eye_v3_3_20260722/browser/center.png	preserved/eye_v3_3_browser_evidence/center.png	400566	c438a4abb5a4f8f3e6c3e3a34a1d5171f23b7f0ae61fe3359058acf134fb26a8	c438a4abb5a4f8f3e6c3e3a34a1d5171f23b7f0ae61fe3359058acf134fb26a8	true
eye_v3_3_browser	Data/world_tests/kira_socket_eye_v3_3_20260722/browser/evidence.json	preserved/eye_v3_3_browser_evidence/evidence.json	66041	d7604ea60e57f77524e717919af0fa6afc1675a9089a192cf93c91d9e5faa53d	d7604ea60e57f77524e717919af0fa6afc1675a9089a192cf93c91d9e5faa53d	true
eye_v3_3_browser	Data/world_tests/kira_socket_eye_v3_3_20260722/browser/look_down.png	preserved/eye_v3_3_browser_evidence/look_down.png	402380	926ec03e8605d5e2db7e3af4f1aa87e341863faa473582666b318f9bcfb27eda	926ec03e8605d5e2db7e3af4f1aa87e341863faa473582666b318f9bcfb27eda	true
eye_v3_3_browser	Data/world_tests/kira_socket_eye_v3_3_20260722/browser/look_left.png	preserved/eye_v3_3_browser_evidence/look_left.png	402938	a5b3db1437491221cc80aa14af0d8f5365508041d05d9df4acdc8f73a768fdca	a5b3db1437491221cc80aa14af0d8f5365508041d05d9df4acdc8f73a768fdca	true
eye_v3_3_browser	Data/world_tests/kira_socket_eye_v3_3_20260722/browser/look_right.png	preserved/eye_v3_3_browser_evidence/look_right.png	401714	d3d45e7899a7c6aa374bf8f6eafe50dc3b7559f0f44d24a8baeb92b51f1f2b74	d3d45e7899a7c6aa374bf8f6eafe50dc3b7559f0f44d24a8baeb92b51f1f2b74	true
eye_v3_3_browser	Data/world_tests/kira_socket_eye_v3_3_20260722/browser/look_up.png	preserved/eye_v3_3_browser_evidence/look_up.png	401238	d8d11576701e0e11d021d6650f75a49a713b857393cb281bc83a48ab12e8e1a6	d8d11576701e0e11d021d6650f75a49a713b857393cb281bc83a48ab12e8e1a6	true
eye_v3_3_fresh_validation	Data/world_tests/kira_socket_eye_v3_3_20260722/fresh_validation_ephemeral_20260723_0554/center.png	preserved/eye_v3_3_fresh_validation_ephemeral_20260723_0554/center.png	416135	fbe62d3550e7bb8ae939f82030955944360ef8a0394e50fd5d6f6e78d623f378	fbe62d3550e7bb8ae939f82030955944360ef8a0394e50fd5d6f6e78d623f378	true
eye_v3_3_fresh_validation	Data/world_tests/kira_socket_eye_v3_3_20260722/fresh_validation_ephemeral_20260723_0554/evidence.json	preserved/eye_v3_3_fresh_validation_ephemeral_20260723_0554/evidence.json	66218	4144e71106b7924bf820a60f7c55b15f02dcb0cf80789684872356ac2e503f83	4144e71106b7924bf820a60f7c55b15f02dcb0cf80789684872356ac2e503f83	true
eye_v3_3_fresh_validation	Data/world_tests/kira_socket_eye_v3_3_20260722/fresh_validation_ephemeral_20260723_0554/look_down.png	preserved/eye_v3_3_fresh_validation_ephemeral_20260723_0554/look_down.png	417491	190733b204d8effa4eb5bb5c544a7d663592956808abe1c2ead6340d2d7b32cd	190733b204d8effa4eb5bb5c544a7d663592956808abe1c2ead6340d2d7b32cd	true
eye_v3_3_fresh_validation	Data/world_tests/kira_socket_eye_v3_3_20260722/fresh_validation_ephemeral_20260723_0554/look_left.png	preserved/eye_v3_3_fresh_validation_ephemeral_20260723_0554/look_left.png	418095	d59b02432092bfa143548a5f9958989e1d8da232a5009b8f5560c89cafae4fb4	d59b02432092bfa143548a5f9958989e1d8da232a5009b8f5560c89cafae4fb4	true
eye_v3_3_fresh_validation	Data/world_tests/kira_socket_eye_v3_3_20260722/fresh_validation_ephemeral_20260723_0554/look_right.png	preserved/eye_v3_3_fresh_validation_ephemeral_20260723_0554/look_right.png	417020	688a9dfbf8cb93b9a47e1c0018ad5496e48d82291a57dcc412f431ede8ac2341	688a9dfbf8cb93b9a47e1c0018ad5496e48d82291a57dcc412f431ede8ac2341	true
eye_v3_3_fresh_validation	Data/world_tests/kira_socket_eye_v3_3_20260722/fresh_validation_ephemeral_20260723_0554/look_up.png	preserved/eye_v3_3_fresh_validation_ephemeral_20260723_0554/look_up.png	416413	74e2ced82e9dde9a09ea7c90818c25079b4463aaee7c379391e9c8ea598f9dc6	74e2ced82e9dde9a09ea7c90818c25079b4463aaee7c379391e9c8ea598f9dc6	true
r4_v10	Data/avatar_builder_workspace_tests/kira_r7_adult_surface_trial_20260722/reconstructed_neck_surface_r4_v10/blender_author.log	preserved/r4_v10_candidate/blender_author.log	3087	96efee417e75267de6a976ab334130d0b72194c0c7fc4bd7cb82ca4b4b917b88	96efee417e75267de6a976ab334130d0b72194c0c7fc4bd7cb82ca4b4b917b88	true
r4_v10	Data/avatar_builder_workspace_tests/kira_r7_adult_surface_trial_20260722/reconstructed_neck_surface_r4_v10/blender_reopen.log	preserved/r4_v10_candidate/blender_reopen.log	497	9107010300ec65d96aafbba72993a95236f9e6a717d41b7e2cad1386459eb5b5	9107010300ec65d96aafbba72993a95236f9e6a717d41b7e2cad1386459eb5b5	true
r4_v10	Data/avatar_builder_workspace_tests/kira_r7_adult_surface_trial_20260722/reconstructed_neck_surface_r4_v10/config.json	preserved/r4_v10_candidate/config.json	1696	8f1a6165a82cc81091dee0fad7d0c6b5dbd9114a7d0d647e94101cee27ba0763	8f1a6165a82cc81091dee0fad7d0c6b5dbd9114a7d0d647e94101cee27ba0763	true
r4_v10	Data/avatar_builder_workspace_tests/kira_r7_adult_surface_trial_20260722/reconstructed_neck_surface_r4_v10/evidence.json	preserved/r4_v10_candidate/evidence.json	22266	04580989c19952916d2dc0965c49c816df5d06b7db5c1634b514f759654d5307	04580989c19952916d2dc0965c49c816df5d06b7db5c1634b514f759654d5307	true
r4_v10	Data/avatar_builder_workspace_tests/kira_r7_adult_surface_trial_20260722/reconstructed_neck_surface_r4_v10/identity_front.png	preserved/r4_v10_candidate/identity_front.png	1110907	5019986a71914a640a8452c8f7a38f7106ee3bd5c304181b182538456afd84e5	5019986a71914a640a8452c8f7a38f7106ee3bd5c304181b182538456afd84e5	true
r4_v10	Data/avatar_builder_workspace_tests/kira_r7_adult_surface_trial_20260722/reconstructed_neck_surface_r4_v10/identity_left_profile.png	preserved/r4_v10_candidate/identity_left_profile.png	1128166	c67febe22a920b072822dcc1bf98da3b3a9cd15a382bdc2a0491bc1d96a5e788	c67febe22a920b072822dcc1bf98da3b3a9cd15a382bdc2a0491bc1d96a5e788	true
r4_v10	Data/avatar_builder_workspace_tests/kira_r7_adult_surface_trial_20260722/reconstructed_neck_surface_r4_v10/inactive_reconstructed_neck_surface_r4_v10.blend	preserved/r4_v10_candidate/inactive_reconstructed_neck_surface_r4_v10.blend	135349726	41ce3556beefaba1e8e48224b3af704832d2f5919fefe3eb171ee08714161822	41ce3556beefaba1e8e48224b3af704832d2f5919fefe3eb171ee08714161822	true
r4_v10	Data/avatar_builder_workspace_tests/kira_r7_adult_surface_trial_20260722/reconstructed_neck_surface_r4_v10/manifest.json	preserved/r4_v10_candidate/manifest.json	6352	a1db9d5f101d0995937418c8918e52752d7c94dac6b1fce1ce55b5debc66716b	a1db9d5f101d0995937418c8918e52752d7c94dac6b1fce1ce55b5debc66716b	true
r4_v10	Data/avatar_builder_workspace_tests/kira_r7_adult_surface_trial_20260722/reconstructed_neck_surface_r4_v10/neck_closeup_back.png	preserved/r4_v10_candidate/neck_closeup_back.png	1096991	95bcc1015dc294657c06b7d854a420dc32ee26c48c344dcbc50fff1a3f2fab15	95bcc1015dc294657c06b7d854a420dc32ee26c48c344dcbc50fff1a3f2fab15	true
r4_v10	Data/avatar_builder_workspace_tests/kira_r7_adult_surface_trial_20260722/reconstructed_neck_surface_r4_v10/neck_closeup_front.png	preserved/r4_v10_candidate/neck_closeup_front.png	1132372	dd814c6cecb4c893e3028976cc538d6e680896a2a596b801c84ab4894e4ffeb6	dd814c6cecb4c893e3028976cc538d6e680896a2a596b801c84ab4894e4ffeb6	true
r4_v10	Data/avatar_builder_workspace_tests/kira_r7_adult_surface_trial_20260722/reconstructed_neck_surface_r4_v10/neck_closeup_left.png	preserved/r4_v10_candidate/neck_closeup_left.png	1086408	c66b8d39f68396d821c6831f0913267304c0ac4bd79f2ea84d405580e83f2c5a	c66b8d39f68396d821c6831f0913267304c0ac4bd79f2ea84d405580e83f2c5a	true
r4_v10	Data/avatar_builder_workspace_tests/kira_r7_adult_surface_trial_20260722/reconstructed_neck_surface_r4_v10/neck_closeup_right.png	preserved/r4_v10_candidate/neck_closeup_right.png	1077506	0c270bb90ff94aae7a9111c30999686f778453379baf2e2c2795292a6d0a2d88	0c270bb90ff94aae7a9111c30999686f778453379baf2e2c2795292a6d0a2d88	true
r4_v10	Data/avatar_builder_workspace_tests/kira_r7_adult_surface_trial_20260722/reconstructed_neck_surface_r4_v10/neutral_back.png	preserved/r4_v10_candidate/neutral_back.png	1037586	8bd6d7f3fa1ae6a4fcfdf94be9942be635d49bf62c6bedfa0ff8c6bbdd345a82	8bd6d7f3fa1ae6a4fcfdf94be9942be635d49bf62c6bedfa0ff8c6bbdd345a82	true
r4_v10	Data/avatar_builder_workspace_tests/kira_r7_adult_surface_trial_20260722/reconstructed_neck_surface_r4_v10/neutral_front.png	preserved/r4_v10_candidate/neutral_front.png	1050670	8330d59c035ddb9b570a8cfab13193c45176e4503c416d11b973f7fab2f8cd4c	8330d59c035ddb9b570a8cfab13193c45176e4503c416d11b973f7fab2f8cd4c	true
r4_v10	Data/avatar_builder_workspace_tests/kira_r7_adult_surface_trial_20260722/reconstructed_neck_surface_r4_v10/neutral_left.png	preserved/r4_v10_candidate/neutral_left.png	1016901	8398b1f41d96cd17090a3c101ffa1132b4bd97c74bdb586a96df3709eb977c3e	8398b1f41d96cd17090a3c101ffa1132b4bd97c74bdb586a96df3709eb977c3e	true
r4_v10	Data/avatar_builder_workspace_tests/kira_r7_adult_surface_trial_20260722/reconstructed_neck_surface_r4_v10/neutral_right.png	preserved/r4_v10_candidate/neutral_right.png	1012892	884240e0e1016c2dd34f2c9000daf1d8deb67345f4c9a5d050026711ffa30401	884240e0e1016c2dd34f2c9000daf1d8deb67345f4c9a5d050026711ffa30401	true
r4_v10	Data/avatar_builder_workspace_tests/kira_r7_adult_surface_trial_20260722/reconstructed_neck_surface_r4_v10/pose_bilateral_squat.png	preserved/r4_v10_candidate/pose_bilateral_squat.png	1054443	1d31a71462c181644f90c7088c7fd36497a7e6656ef891ca9c7b333913c7e8c8	1d31a71462c181644f90c7088c7fd36497a7e6656ef891ca9c7b333913c7e8c8	true
r4_v10	Data/avatar_builder_workspace_tests/kira_r7_adult_surface_trial_20260722/reconstructed_neck_surface_r4_v10/pose_hip_knee.png	preserved/r4_v10_candidate/pose_hip_knee.png	1046234	78c58dcc9f4d6686c9b4788762d1a4df4d4c87316475e3b1105b46db8175b03a	78c58dcc9f4d6686c9b4788762d1a4df4d4c87316475e3b1105b46db8175b03a	true
r4_v10	Data/avatar_builder_workspace_tests/kira_r7_adult_surface_trial_20260722/reconstructed_neck_surface_r4_v10/pose_spine_neck.png	preserved/r4_v10_candidate/pose_spine_neck.png	1017235	30c32e5cfec77c3ef1d22afd9fe84750207e31a39f380235e9d2819baae76982	30c32e5cfec77c3ef1d22afd9fe84750207e31a39f380235e9d2819baae76982	true
r4_v10	Data/avatar_builder_workspace_tests/kira_r7_adult_surface_trial_20260722/reconstructed_neck_surface_r4_v10/pose_upper_limb.png	preserved/r4_v10_candidate/pose_upper_limb.png	1045174	1f921d37559c777178e1023ef1ce041eba5b3b7091883abbeb1cb1ca49d6d41b	1f921d37559c777178e1023ef1ce041eba5b3b7091883abbeb1cb1ca49d6d41b	true
r4_v10	Data/avatar_builder_workspace_tests/kira_r7_adult_surface_trial_20260722/reconstructed_neck_surface_r4_v10/reopen_verification.json	preserved/r4_v10_candidate/reopen_verification.json	1069	861e1c38df50d60811118c859c286b24ff3d1cc9205966b9981c75573c713ab7	861e1c38df50d60811118c859c286b24ff3d1cc9205966b9981c75573c713ab7	true
runtime_recovery	Avatar/state/body_selections/kira_r6_review_staging.json	preserved/runtime_recovery_metadata/kira_r6_review_staging.json	2161	0cc6b47cbbce7040defd83a68b0fa7811a1131bb8dc075086ab1103c839f334c	0cc6b47cbbce7040defd83a68b0fa7811a1131bb8dc075086ab1103c839f334c	true
runtime_recovery	Avatar/state/body_selections/kira_runtime_body_selection.json	preserved/runtime_recovery_metadata/kira_runtime_body_selection.json	3620	245668981c10ba82399c8685f77b4ad111c26dbb5ccc4d9bad729eef2029f94b	245668981c10ba82399c8685f77b4ad111c26dbb5ccc4d9bad729eef2029f94b	true
runtime_recovery	Avatar/state/body_selections/backups/kira_pre_r6_live_trial_20260719_001839/rollback_manifest.json	preserved/runtime_recovery_metadata/rollback_manifest.json	1865	557b509c7671a016bd8352453458657b691ea0da304ea05495fa5f68eda9e7f7	557b509c7671a016bd8352453458657b691ea0da304ea05495fa5f68eda9e7f7	true
